case_id,cine_id,gt_path,pred_path,dice
OL-004,OL-004-018,/home/obed/projects/aip-medilab/shared/Guo-Obed-prostatemasks-2026Jun8/OL/OL-004-018/mask.png,/datasets/exactvu_pca/OPTIMUM/UA_OL_PU_annotated_needles_multiframe/OL-004/OL-004-018/micro_seg_net_prostate_mask.png,0.7887
OL-004,OL-004-019,/home/obed/projects/aip-medilab/shared/Guo-Obed-prostatemasks-2026Jun8/OL/OL-004-019/mask.png,/datasets/exactvu_pca/OPTIMUM/UA_OL_PU_annotated_needles_multiframe/OL-004/OL-004-019/micro_seg_net_prostate_mask.png,0.7446
OL-005,OL-005-011,/home/obed/projects/aip-medilab/shared/Guo-Obed-prostatemasks-2026Jun8/OL/OL-005-011/mask.png,/datasets/exactvu_pca/OPTIMUM/UA_OL_PU_annotated_needles_multiframe/OL-005/OL-005-011/micro_seg_net_prostate_mask.png,0.809
OL-005,OL-005-014,/home/obed/projects/aip-medilab/shared/Guo-Obed-prostatemasks-2026Jun8/OL/OL-005-014/mask.png,/datasets/exactvu_pca/OPTIMUM/UA_OL_PU_annotated_needles_multiframe/OL-005/OL-005-014/micro_seg_net_prostate_mask.png,0.7623
OL-005,OL-005-018,/home/obed/projects/aip-medilab/shared/Guo-Obed-prostatemasks-2026Jun8/OL/OL-005-018/mask.png,/datasets/exactvu_pca/OPTIMUM/UA_OL_PU_annotated_needles_multiframe/OL-005/OL-005-018/micro_seg_net_prostate_mask.png,0.8594
OL-005,OL-005-019,/home/obed/projects/aip-medilab/shared/Guo-Obed-prostatemasks-2026Jun8/OL/OL-005-019/mask.png,/datasets/exactvu_pca/OPTIMUM/UA_OL_PU_annotated_needles_multiframe/OL-005/OL-005-019/micro_seg_net_prostate_mask.png,0.8378
OL-005,OL-005-021,/home/obed/projects/aip-medilab/shared/Guo-Obed-prostatemasks-2026Jun8/OL/OL-005-021/mask.png,/datasets/exactvu_pca/OPTIMUM/UA_OL_PU_annotated_needles_multiframe/OL-005/OL-005-021/micro_seg_net_prostate_mask.png,0.7393
OL-006,OL-006-006,/home/obed/projects/aip-medilab/shared/Guo-Obed-prostatemasks-2026Jun8/OL/OL-006-006/mask.png,/datasets/exactvu_pca/OPTIMUM/UA_OL_PU_annotated_needles_multiframe/OL-006/OL-006-006/micro_seg_net_prostate_mask.png,0.5519
OL-006,OL-006-007,/home/obed/projects/aip-medilab/shared/Guo-Obed-prostatemasks-2026Jun8/OL/OL-006-007/mask.png,/datasets/exactvu_pca/OPTIMUM/UA_OL_PU_annotated_needles_multiframe/OL-006/OL-006-007/micro_seg_net_prostate_mask.png,0.6797
OL-009,OL-009-009,/home/obed/projects/aip-medilab/shared/Guo-Obed-prostatemasks-2026Jun8/OL/OL-009-009/mask.png,/datasets/exactvu_pca/OPTIMUM/UA_OL_PU_annotated_needles_multiframe/OL-009/OL-009-009/micro_seg_net_prostate_mask.png,0.123
OL-009,OL-009-010,/home/obed/projects/aip-medilab/shared/Guo-Obed-prostatemasks-2026Jun8/OL/OL-009-010/mask.png,/datasets/exactvu_pca/OPTIMUM/UA_OL_PU_annotated_needles_multiframe/OL-009/OL-009-010/micro_seg_net_prostate_mask.png,0.7428
OL-012,OL-012-010,/home/obed/projects/aip-medilab/shared/Guo-Obed-prostatemasks-2026Jun8/OL/OL-012-010/mask.png,/datasets/exactvu_pca/OPTIMUM/UA_OL_PU_annotated_needles_multiframe/OL-012/OL-012-010/micro_seg_net_prostate_mask.png,0.905
OL-015,OL-015-014,/home/obed/projects/aip-medilab/shared/Guo-Obed-prostatemasks-2026Jun8/OL/OL-015-014/mask.png,/datasets/exactvu_pca/OPTIMUM/UA_OL_PU_annotated_needles_multiframe/OL-015/OL-015-014/micro_seg_net_prostate_mask.png,0.7597
OL-023,OL-023-018,/home/obed/projects/aip-medilab/shared/Guo-Obed-prostatemasks-2026Jun8/OL/OL-023-018/mask.png,/datasets/exactvu_pca/OPTIMUM/UA_OL_PU_annotated_needles_multiframe/OL-023/OL-023-018/micro_seg_net_prostate_mask.png,0.8778
OL-025,OL-025-018,/home/obed/projects/aip-medilab/shared/Guo-Obed-prostatemasks-2026Jun8/OL/OL-025-018/mask.png,/datasets/exactvu_pca/OPTIMUM/UA_OL_PU_annotated_needles_multiframe/OL-025/OL-025-018/micro_seg_net_prostate_mask.png,0.4442
OL-037,OL-037-010,/home/obed/projects/aip-medilab/shared/Guo-Obed-prostatemasks-2026Jun8/OL/OL-037-010/mask.png,/datasets/exactvu_pca/OPTIMUM/UA_OL_PU_annotated_needles_multiframe/OL-037/OL-037-010/micro_seg_net_prostate_mask.png,0.4976
OL-037,OL-037-019,/home/obed/projects/aip-medilab/shared/Guo-Obed-prostatemasks-2026Jun8/OL/OL-037-019/mask.png,/datasets/exactvu_pca/OPTIMUM/UA_OL_PU_annotated_needles_multiframe/OL-037/OL-037-019/micro_seg_net_prostate_mask.png,0.9001
OL-040,OL-040-023,/home/obed/projects/aip-medilab/shared/Guo-Obed-prostatemasks-2026Jun8/OL/OL-040-023/mask.png,/datasets/exactvu_pca/OPTIMUM/UA_OL_PU_annotated_needles_multiframe/OL-040/OL-040-023/micro_seg_net_prostate_mask.png,0.3608
OL-071,OL-071-012,/home/obed/projects/aip-medilab/shared/Guo-Obed-prostatemasks-2026Jun8/OL/OL-071-012/mask.png,/datasets/exactvu_pca/OPTIMUM/UA_OL_PU_annotated_needles_multiframe/OL-071/OL-071-012/micro_seg_net_prostate_mask.png,0.7872
OL-071,OL-071-016,/home/obed/projects/aip-medilab/shared/Guo-Obed-prostatemasks-2026Jun8/OL/OL-071-016/mask.png,/datasets/exactvu_pca/OPTIMUM/UA_OL_PU_annotated_needles_multiframe/OL-071/OL-071-016/micro_seg_net_prostate_mask.png,0.6741
OL-076,OL-076-013,/home/obed/projects/aip-medilab/shared/Guo-Obed-prostatemasks-2026Jun8/OL/OL-076-013/mask.png,/datasets/exactvu_pca/OPTIMUM/UA_OL_PU_annotated_needles_multiframe/OL-076/OL-076-013/micro_seg_net_prostate_mask.png,0.8498
OL-079,OL-079-013,/home/obed/projects/aip-medilab/shared/Guo-Obed-prostatemasks-2026Jun8/OL/OL-079-013/mask.png,/datasets/exactvu_pca/OPTIMUM/UA_OL_PU_annotated_needles_multiframe/OL-079/OL-079-013/micro_seg_net_prostate_mask.png,0.515
OL-079,OL-079-015,/home/obed/projects/aip-medilab/shared/Guo-Obed-prostatemasks-2026Jun8/OL/OL-079-015/mask.png,/datasets/exactvu_pca/OPTIMUM/UA_OL_PU_annotated_needles_multiframe/OL-079/OL-079-015/micro_seg_net_prostate_mask.png,0.7606
OL-079,OL-079-016,/home/obed/projects/aip-medilab/shared/Guo-Obed-prostatemasks-2026Jun8/OL/OL-079-016/mask.png,/datasets/exactvu_pca/OPTIMUM/UA_OL_PU_annotated_needles_multiframe/OL-079/OL-079-016/micro_seg_net_prostate_mask.png,0.4991
OL-084,OL-084-009,/home/obed/projects/aip-medilab/shared/Guo-Obed-prostatemasks-2026Jun8/OL/OL-084-009/mask.png,/datasets/exactvu_pca/OPTIMUM/UA_OL_PU_annotated_needles_multiframe/OL-084/OL-084-009/micro_seg_net_prostate_mask.png,0.8887
OL-085,OL-085-008,/home/obed/projects/aip-medilab/shared/Guo-Obed-prostatemasks-2026Jun8/OL/OL-085-008/mask.png,/datasets/exactvu_pca/OPTIMUM/UA_OL_PU_annotated_needles_multiframe/OL-085/OL-085-008/micro_seg_net_prostate_mask.png,0.5417
OL-091,OL-091-019,/home/obed/projects/aip-medilab/shared/Guo-Obed-prostatemasks-2026Jun8/OL/OL-091-019/mask.png,/datasets/exactvu_pca/OPTIMUM/UA_OL_PU_annotated_needles_multiframe/OL-091/OL-091-019/micro_seg_net_prostate_mask.png,0.8124
OL-091,OL-091-021,/home/obed/projects/aip-medilab/shared/Guo-Obed-prostatemasks-2026Jun8/OL/OL-091-021/mask.png,/datasets/exactvu_pca/OPTIMUM/UA_OL_PU_annotated_needles_multiframe/OL-091/OL-091-021/micro_seg_net_prostate_mask.png,0.8248
OL-093,OL-093-012,/home/obed/projects/aip-medilab/shared/Guo-Obed-prostatemasks-2026Jun8/OL/OL-093-012/mask.png,/datasets/exactvu_pca/OPTIMUM/UA_OL_PU_annotated_needles_multiframe/OL-093/OL-093-012/micro_seg_net_prostate_mask.png,0.6201
OL-093,OL-093-020,/home/obed/projects/aip-medilab/shared/Guo-Obed-prostatemasks-2026Jun8/OL/OL-093-020/mask.png,/datasets/exactvu_pca/OPTIMUM/UA_OL_PU_annotated_needles_multiframe/OL-093/OL-093-020/micro_seg_net_prostate_mask.png,0.5696
OL-093,OL-093-021,/home/obed/projects/aip-medilab/shared/Guo-Obed-prostatemasks-2026Jun8/OL/OL-093-021/mask.png,/datasets/exactvu_pca/OPTIMUM/UA_OL_PU_annotated_needles_multiframe/OL-093/OL-093-021/micro_seg_net_prostate_mask.png,0.8802
OL-095,OL-095-006,/home/obed/projects/aip-medilab/shared/Guo-Obed-prostatemasks-2026Jun8/OL/OL-095-006/mask.png,/datasets/exactvu_pca/OPTIMUM/UA_OL_PU_annotated_needles_multiframe/OL-095/OL-095-006/micro_seg_net_prostate_mask.png,0.7878
OL-095,OL-095-011,/home/obed/projects/aip-medilab/shared/Guo-Obed-prostatemasks-2026Jun8/OL/OL-095-011/mask.png,/datasets/exactvu_pca/OPTIMUM/UA_OL_PU_annotated_needles_multiframe/OL-095/OL-095-011/micro_seg_net_prostate_mask.png,0.6577
OL-095,OL-095-015,/home/obed/projects/aip-medilab/shared/Guo-Obed-prostatemasks-2026Jun8/OL/OL-095-015/mask.png,/datasets/exactvu_pca/OPTIMUM/UA_OL_PU_annotated_needles_multiframe/OL-095/OL-095-015/micro_seg_net_prostate_mask.png,0.6182
OL-095,OL-095-017,/home/obed/projects/aip-medilab/shared/Guo-Obed-prostatemasks-2026Jun8/OL/OL-095-017/mask.png,/datasets/exactvu_pca/OPTIMUM/UA_OL_PU_annotated_needles_multiframe/OL-095/OL-095-017/micro_seg_net_prostate_mask.png,0.8295
OL-097,OL-097-022,/home/obed/projects/aip-medilab/shared/Guo-Obed-prostatemasks-2026Jun8/OL/OL-097-022/mask.png,/datasets/exactvu_pca/OPTIMUM/UA_OL_PU_annotated_needles_multiframe/OL-097/OL-097-022/micro_seg_net_prostate_mask.png,0.8065
OL-097,OL-097-030,/home/obed/projects/aip-medilab/shared/Guo-Obed-prostatemasks-2026Jun8/OL/OL-097-030/mask.png,/datasets/exactvu_pca/OPTIMUM/UA_OL_PU_annotated_needles_multiframe/OL-097/OL-097-030/micro_seg_net_prostate_mask.png,0.3087
OL-097,OL-097-033,/home/obed/projects/aip-medilab/shared/Guo-Obed-prostatemasks-2026Jun8/OL/OL-097-033/mask.png,/datasets/exactvu_pca/OPTIMUM/UA_OL_PU_annotated_needles_multiframe/OL-097/OL-097-033/micro_seg_net_prostate_mask.png,0.6911
OL-100,OL-100-022,/home/obed/projects/aip-medilab/shared/Guo-Obed-prostatemasks-2026Jun8/OL/OL-100-022/mask.png,/datasets/exactvu_pca/OPTIMUM/UA_OL_PU_annotated_needles_multiframe/OL-100/OL-100-022/micro_seg_net_prostate_mask.png,0.6941
OL-100,OL-100-024,/home/obed/projects/aip-medilab/shared/Guo-Obed-prostatemasks-2026Jun8/OL/OL-100-024/mask.png,/datasets/exactvu_pca/OPTIMUM/UA_OL_PU_annotated_needles_multiframe/OL-100/OL-100-024/micro_seg_net_prostate_mask.png,0.8064
OL-100,OL-100-027,/home/obed/projects/aip-medilab/shared/Guo-Obed-prostatemasks-2026Jun8/OL/OL-100-027/mask.png,/datasets/exactvu_pca/OPTIMUM/UA_OL_PU_annotated_needles_multiframe/OL-100/OL-100-027/micro_seg_net_prostate_mask.png,0.0
OL-103,OL-103-005,/home/obed/projects/aip-medilab/shared/Guo-Obed-prostatemasks-2026Jun8/OL/OL-103-005/mask.png,/datasets/exactvu_pca/OPTIMUM/UA_OL_PU_annotated_needles_multiframe/OL-103/OL-103-005/micro_seg_net_prostate_mask.png,0.7807
OL-103,OL-103-008,/home/obed/projects/aip-medilab/shared/Guo-Obed-prostatemasks-2026Jun8/OL/OL-103-008/mask.png,/datasets/exactvu_pca/OPTIMUM/UA_OL_PU_annotated_needles_multiframe/OL-103/OL-103-008/micro_seg_net_prostate_mask.png,0.6799
OL-103,OL-103-011,/home/obed/projects/aip-medilab/shared/Guo-Obed-prostatemasks-2026Jun8/OL/OL-103-011/mask.png,/datasets/exactvu_pca/OPTIMUM/UA_OL_PU_annotated_needles_multiframe/OL-103/OL-103-011/micro_seg_net_prostate_mask.png,0.5952
OL-103,OL-103-014,/home/obed/projects/aip-medilab/shared/Guo-Obed-prostatemasks-2026Jun8/OL/OL-103-014/mask.png,/datasets/exactvu_pca/OPTIMUM/UA_OL_PU_annotated_needles_multiframe/OL-103/OL-103-014/micro_seg_net_prostate_mask.png,0.8269
